name,grade,rare,img,no,prop,union,price,skill,type
ライラ,43,★★★,img/lailah.png,1,"['-', '-', '-', '弱 / 耐(防魔)', '耐', '無', '弱']",,,"['メディラ', 'ザン', 'マハザン', 'ヒートウェイブ', 'ブフ']",大天使
サンダルフォン,61,★★★★,img/sandalphon.png,2,"['耐', '-', '-', '耐', '- / 耐(防魔)', '反', '無']",,,"['ハマダイン', 'メポズムディ', '反撃', 'ラクンダ', 'メガトンプレス']",大天使
アズラエル,67,★★★★,img/azrael.png,3,"['耐', '耐', '弱', '-', '-', '反', '耐 / 無(防魔)']",,,"['テトラカーン', '甘噛み', 'デクンダ', '野獣の勘', '審判の光']",大天使
マンセマット,83,★★★★★,img/mansemat.png,169,"['-', '弱', '無 / 反(防魔)', '-', '反', '反', ' -']",,,"['審判の光', '殺風激', '乱れ狂い', 'ハマダイン', '電撃耐性']",大天使
ミカエル,90,★★★★★,img/michael.png,4,"['-', '-', '無', '無', '-', '反', '弱 / 反(防魔)']",,,"['勝利の息吹', 'ティタノマキア', '三段の賢魔', 'ジオダイン', '緊縛無効']",大天使
メタトロン,99,★★★★★,img/metatron.png,5,"['-', '耐', '耐', '耐 / 反(防魔)', '耐', '無', '-']",,,"['天罰', '吸魔', 'マハラギダイン', 'マハジオダイン', '物理耐性']",大天使
ウリエル,86,★★★★★,img/uriel.png,231,"['-', '反', '-', '-', '-', '反', '弱 / 反(防魔)']",,,"['マハンマダイン', '破魔エンハンス', 'ラクンダオート', 'トリスアギオン', '、魔封無効']",大天使 
ラファエル,87,★★★★★,img/raphael.png,232,"['-', '-', '-', '耐', '反', '反', '弱 / 反(防魔)']",,,"['裁きの雷火', '破魔エンハンス', '緊縛無効', 'マハザンダイン', 'タルンダオート']",大天使 
ガブリエル,88,★★★★★,img/gabriel.png,233,"['-', '-', '-', '反', '耐', '反', '弱 / 反(防魔)']",,,"['真理の雷', '破魔エンハンス', 'スクンダオート', 'マハジオダイン', '魅了無効']",大天使 
セラフ,95,★★★★★,img/seraph.png,239,"['耐', '吸', '弱', '- / 反(防魔)', '耐', '吸', '耐']",,,"['トリスアギオン', '未設定', '未設定', '未設定', '未設定']",大天使 
ハトホル,27,★★,img/hathor.png,6,"['弱', '-', '耐', '-', '耐 / 無(防魔)', '耐', '-']",,,"['アムリタ', '未設定', '未設定', '未設定', '未設定']",女神
アリアンロッド,44,★★★,img/arianrhod.png,7,"['耐', '-', '- / 無(防魔)', '-', '-', '耐', '-']",,,"['ハマオン', 'マハジオ', 'チャームディ', '初段の恵体', 'クロズディ']",女神
スカアハ,50,★★★,img/scathach.png,8,"['-', '-', '-', '弱 / 耐(防魔)', '無', '耐', '-']",,,"['ザンマ', 'ブフ', '反撃', '自然治癒', '暴れまくり']",女神
パラスアテナ,62,★★★★,img/pallasathena.png,9,"['耐', '- / 無(防魔)', '-', '-', '-', '無', '弱']",,,"['衝撃耐性', '五月雨斬り', '静寂の祈り', '毒針', 'ツイスター']",女神
サラスヴァティ,69,★★★★,img/saraswati.png,10,"['-', '弱', '無 / 反(防魔)', '-', '-', '-', '弱']",,,"['マハブフーラ', 'メチャームディ', '呪い耐性', 'ミナゴロシの愉悦', 'イービルアイ']",女神
イシュタル,82,★★★★★,img/ishtar.png,11,"['-', '-', '-', '無', '弱 / 無(防魔)', '無', '弱']",,,"['マハンマオン', 'アイスエイジ', 'マハマリカリオン', '毒床無効', '呪殺耐性']",女神
ラクシュミ,85,★★★★★,img/lakshmi.png,12,"['-', '-', '-', '-', '弱 / 無(防魔)', '耐', '無']",,,"['ディアラハン', 'ジオダイン', 'ラクンダオート', '虚弱無効', 'イービルアイ']",女神
イザナミ,89,★★★★★,img/izanami.png,191,"['-', '弱', '無 / 反(防魔)', '-', '-', '耐', '吸']",,,"['ショックウェーブ', 'ラクンダオート', '静寂の祈り', 'マハジオダイン', 'リカームドラ']",女神
パールヴァティ,60,★★★★,img/parvati.png,213,"['-', '弱 / 無(防魔)', '耐', '-', '-', '耐', '耐']","[63, 67, 10]",300000.0,"['メディラ', '未設定', '未設定', '未設定', '未設定']",女神 
アナト,84,★★★★★,img/anat.png,257,"['-', '-', '-', '吸', '弱 / 無(防魔)', '無', '耐']","[11, 236, 234]",5000000.0,"['電撃ハイブースタ', '大暗殺者', '電撃エンハンス', '勝利のチャクラ', '奈落のマスク']",女神 
ラクシュミ ,85,★★★★★,img/lakshmi02.png,1012,"['-', '-', '-', '-', '弱', '無 / 吸(防魔)', '耐']",,,"['回復ハイブースタ', 'タルンダオート', '緊縛無効', '寸分の見切り', '衝撃無効']",女神 
ハンサ,24,★★,img/hamsa.png,161,"['-', '-', '- / 耐(防魔)', '耐', '-', '-', '弱']",,,"['ハマ', 'ディア', 'ジオ', 'ポズムディ', 'なぎ払い']",霊鳥
スパルナ,28,★★,img/suparna.png,162,"['-', '-', '-', '耐 / 無(防魔)', '-', '耐', '弱']",,,"['ジオ', 'クロズディ', '百発百中', 'ムド', '突撃']",霊鳥
ジャターユ,44,★★★,img/jatayu.png,163,"['-', '-', '-', '-', '-', '弱', '無 / 反(防魔)']",,,"['スクカジャ', 'マハザン', '乱れ狂い', 'メポズムディ', 'カースディ']",霊鳥
スザク,53,★★★,img/suzaku.png,164,"['弱 / 耐(防魔)', '無', '弱', '-', '-', '-', '-']",,,"['アギラオ', 'コロシの愉悦', 'クロズディ', 'メパララディ', 'ジオ']",霊鳥
ヤタガラス,66,★★★★,img/yatagarasu.png,165,"['- / 耐(防魔)', '無', '弱', '-', '-', '耐', '-']",,,"['冥界破', 'マハラギオン', '一分の魔脈', 'ウィンドブレス', '緊縛耐性']",霊鳥
ガルーダ,80,★★★★★,img/garuda.png,166,"['-', '反', '弱', '-', '無', '耐 / 無(防魔)', '-']",,,"['ザンダイン', 'トリスアギオン', 'メギドラ', '寸分の見切り', '氷結耐性']",霊鳥
ガルーダ ,80,★★★★★,img/garuda02.png,1166,"['-', '反', '弱 / 無(防魔)', '-', '吸', '耐', '-']",,,"['衝撃ハイブースタ', '無慈悲な一撃', '寸分の見切り', 'スピードスター', 'スクカオート']",霊鳥 
ホルス,49,★★★,img/horus.png,13,"['耐', '-', '-', '- / 無(防魔)', '-', '反', '弱']",,,"['ディアラマ', 'カースディ', 'パララディ', 'マハラギ', 'カースディ']",魔神
ミトラ,55,★★★,img/mitra.png,14,"['反', '-', '弱', '-', '- / 耐(防魔)', '耐', '耐']",,,"['マハジュ', 'メディア', 'ディア', 'マハジオ', '初段の恵体']",魔神
プロメテウス,67,★★★★,img/prometheus.png,15,"['-', '無 / 吸(防魔)', '弱', '-', '-', '耐', '-']",,,"['火炎ブースタ', '電撃耐性', 'マハザンマ', '乱れ狂い', '毒耐性']",魔神
オーディン,73,★★★★,img/odin.png,16,"['-', '-', '-', '反', '弱', '耐', '耐 / 無(防魔)']",,,"['氷結耐性', 'イービルアイ', 'マハラギ', 'ブフーラ', 'ポズムディ']",魔神
アマテラス,82,★★★★★,img/amaterasu.png,17,"['-', '反', '-', '弱 / 無(防魔)', '-', '耐', '-']",,,"['マハラギオン', '三段の強運', '魅了無効', 'マハンマダイン', 'マハマカジャオン']",魔神
ヴィシュヌ,97,★★★★★,img/vishnu.png,18,"['-', '弱', '吸', '-', '-', '無', '無 / 反(防魔)']",,,"['ブフダイン', '地獄の業火', '緊縛無効', 'ウィンドブレス', '火炎耐性']",魔神
アタバク,84,★★★★★,img/atavaka.png,248,"['無', '-', '弱 / 無(防魔)', '-', '-', '無', '-']",,,"['千発千中', '物理ハイブースタ', 'スクカオート', 'ゴッドハンド', '勝利のチャクラ']",魔神 
バアル,86,★★★★★,img/baal.png,230,"['-', '-', '弱 / 無(防魔)', '無', '吸', '耐', '-']","[24, 138, 122]",5000000.0,"['衝撃ハイブースタ', '大暗殺者', '衝撃エンハンス', '勝利のチャクラ', '超自然回復']",魔神 
ヴィローシャナ,93,★★★★★,img/vairocana.png,249,"['-', '反', '-', '-', '-', '反', '無 / 反(防魔)']",,,"['不屈の闘志', 'マカラカシフト', 'ラクカオート', 'マハラギダイン', '魅了無効']",魔神 
シーサー,33,★★,img/shisa.png,19,"['-', '耐 / 耐(防魔)', '-', '-', '耐', '耐', '-']",,,"['シバブー', '未設定', '未設定', '未設定', '未設定']",神獣
マカミ,41,★★★,img/makami.png,20,"['-', '-', '-', '- / 無(防魔)', '-', '耐', '弱']",,,"['メパララディ', 'パララディ', 'マハザン', 'ディア', 'アギ']",神獣
キマイラ,49,★★★,img/chimera.png,21,"['-', '耐', '-', '耐', '弱 / 耐(防魔)', '-', '-']",,,"['マカラコワース', 'パララディ', 'マハンマ', 'メディア', '自然治癒']",神獣
アヌビス,70,★★★★,img/anubis.png,22,"['-', '-', '-', '-', '-', '無', '耐 / 無(防魔)']",,,"['呪殺ブースタ', '吸魔', 'ポイズマ', 'ディア', 'アギラオ']",神獣
バロン,84,★★★★★,img/barong.png,23,"['耐', '-', '-', '無', '弱', '無', '弱 / 無(防魔)']",,,"['マハジオンガ', 'ブフダイン', 'マハシバブー', '三段の恵体', '衝撃耐性']",神獣
ヘケト,27,★★,img/heqet.png,24,"['-', '- / 耐(防魔)', '-', '耐', '弱', '-', '-']",,,"['メディア', '未設定', '未設定', '未設定', '未設定']",聖獣
ユニコーン,42,★★★,img/unicorn.png,25,"['-', '-', '- / 耐(防魔)', '弱', '-', '無', '無']",,,"['メチャームディ', 'アギ', '初段の賢魔', 'カースディ', 'なぎ払い']",聖獣
アピス,44,★★★,img/apis.png,26,"['-', '-', '-', '-', '-', '耐', '弱 / 耐(防魔)']",,,"['タルカジャ', 'アギ', 'ポイズマオン', 'メディア', 'クロズディ']",聖獣
ビャッコ,48,★★★,img/byakko.png,27,"['- / 耐(防魔)', '-', '-', '無', '弱', '-', '-']",,,"['スクンダ', '乱れ狂い', 'マハブフ', '精神漏出', '毒床歩き']",聖獣
スレイプニル,62,★★★★,img/sleipnir.png,28,"['-', '弱', '-', '-', '-', '耐 / 無(防魔)', '-']",,,"['破魔ブースタ', 'ファイアブレス', '暴飲暴食', 'ツイスター', 'マハシバブオン']",聖獣
スフィンクス,76,★★★★,img/sphinx.png,29,"['-', '無', '弱 / 無(防魔)', '-', '-', '反', '弱']",,,"['バリア', 'ジュ', 'メガトンプレス', '氷結耐性', 'イービルアイ']",聖獣
クラマテング,27,★★,img/kuramatengu.png,30,"['-', '- / 耐(防魔)', '-', '弱', '無', '-', '-']",,,"['スクカジャ', '未設定', '未設定', '未設定', '未設定']",幻魔
タム・リン,40,★★★,img/tamlin.png,31,"['-', '- / 耐(防魔)', '-', '-', '-', '耐', '弱']",,,"['自然治癒', 'マハザン', 'マハラギ', '突撃', 'スラッシュ']",幻魔
クルースニク,49,★★★,img/kresnik.png,32,"['-', '-', '-', '-', '弱', '無', '- / 無(防魔)']",,,"['スクンダ', '初段の恵体', 'マハムド', '猛反撃', '百発百中']",幻魔
ハヌマーン,60,★★★★,img/hanuman.png,33,"['-', '-', '-', '弱', '無 / 反(防魔)', '-', '-']",,,"['物理耐性', '初段の恵体', 'イービルアイ', '審判の光', '虚弱耐性']",幻魔
ツクヨミ,67,★★★★,img/tsukuyomi.png,34,"['弱', '無 / 吸(防魔)', '無', '耐', '耐', '-', '-']",,,"['一分の魔脈', 'スクカジャ', '自然治癒', 'ハマオン', 'ジオンガ']",幻魔
クー・フーリン,81,★★★★★,img/cuchulainn.png,35,"['耐', '-', '-', '-', '無', '-', '- / 反(防魔)']",,,"['ミナゴロシの愉悦', 'ゴッドハンド', 'モータルジハード', '衝撃ブースタ', '破魔耐性']",幻魔
フロストエース,80,★★★★★,img/frostace.png,244,"['-', '反', '反', '-', '-', '耐', '弱 / 無(防魔)']",,,"['氷結ブースタ', '氷結エンハンス', 'マハブフダイン', '勝利のチャクラ', '奈落のマスク']",幻魔 
クー・フーリン ,81,★★★★★,img/cuchulainn02.png,1035,"['無 / 吸(防魔)', '-', '-', '-', '無', '-', '-']",,,"['鋭気の権化', 'ミナゴロシの愉悦', 'ラクカオート', '強靭の権化', 'デスカウンター']",幻魔 
アレス,44,★★★,img/ares.png,36,"['- / 耐(防魔)', '-', '-', '-', '-', '耐', '弱']",,,"['金剛発破', '地獄のマスク', 'セクシーダンス', 'シバブオン', '暴れまくり']",破壊神
セイテンタイセイ,61,★★★★,img/seitentaisei.png,37,"['耐 / 無(防魔)', '耐', '-', '弱', '耐', '耐', '弱']",,,"['物理ブースタ', '裁きの雷火', 'ヘルズアイ', 'マハラギ', '毒追撃']",破壊神
ホクトセイクン,69,★★★★,img/hokutoseikun.png,38,"['-', '弱', '無 / 反(防魔)', '-', '-', '耐', '-']",,,"['氷結ブースタ', '破魔耐性', 'マハザン', 'ブフ', '乱れ狂い']",破壊神
スサノオ,82,★★★★★,img/susanoo.png,39,"['耐', '弱', '-', '- / 吸(防魔)', '吸', '-', '-']",,,"['暗殺者', '緊縛追撃', '三段の猛速', 'フォッグブレス', '火炎耐性']",破壊神
ザオウゴンゲン,85,★★★★★,img/zaougongen.png,180,"['無 / 吸(防魔)', '反', '-', '弱', '-', '耐', '耐']",,,"['マハラギダイン', '三段の剛力', 'タルカオート', '地獄の業火', 'デスカウンター']",破壊神
シヴァ,93,★★★★★,img/shiva.png,40,"['耐', '吸', '弱 / 吸(防魔)', '吸', '-', '-', '-']",,,"['虐殺者', '三段の剛力', 'モータルジハード', '暴飲暴食', '衝撃耐性']",破壊神
カルティケーヤ,80,★★★★★,img/karttikeya.png,224,"['- / 無(防魔)', '-', '-', '-', '-', '-', '-']","[162, 213, 40]",500000.0,"['スピードスター', '未設定', '未設定', '未設定', '未設定']",破壊神 
スサノオ ,82,★★★★★,img/susanoo02.png,1039,"['無 / 吸(防魔)', '弱', '-', '吸', '-', '-', '-']",,,"['破壊の権化', '野獣の勘', '鋭気の権化', '緊縛無効', '火炎無効']",破壊神 
シヴァ ,93,★★★★★,img/shiva02.png,1040,"['耐', '吸', '-', '吸', '弱 / 吸(防魔)', '-', '-']",,,"['虐殺者', '魔封無効', '千発千中', '勝利のチャクラ', '魅了無効']",破壊神 
パトリムパス,35,★★,img/patrimpas.png,173,"['-', '弱 / 耐(防魔)', '耐', '-', '耐', '-', '弱']",,,"['リカーム', '未設定', '未設定', '未設定', '未設定']",龍神
マカラ,41,★★★,img/makara.png,174,"['-', '弱 / 耐(防魔)', '耐', '-', '-', '-', '-']",,,"['マカラコワース', 'ブフーラ', '反撃', '精神漏出', '甘噛み']",龍神
イルルヤンカシュ,47,★★★,img/illuyankas.png,175,"['-', '-', '耐', '-', '耐 / 無(防魔)', '-', '-']",,,"['アイスブレス', 'ヒートウェイブ', '見切り', 'ハマオン', '野生の勘']",龍神
セイリュウ,63,★★★★,img/seiryu.png,176,"['-', '-', '耐', '弱', '無 / 反(防魔)', '-', '-']",,,"['衝撃ブースタ', 'マハザンダイン', '空間殺法', 'ジオダイン', 'マカラコワース']",龍神
グクマッツ,69,★★★★,img/gukumatz.png,177,"['-', '弱 / 無(防魔)', '耐', '-', '耐', '-', '-']",,,"['ヒートウェイブ', '怪力乱神', 'タルンダ', '猛反撃', 'メディラ']",龍神
ケツアルカトル,80,★★★★★,img/quetzalcoatl.png,178,"['耐 / 反(防魔)', '耐', '-', '-', '耐', '耐', '弱']",,,"['マハラギダイン', 'マハブフダイン', '追い討ち', '魔封無効', 'マハムドダイン']",龍神
コウリュウ,88,★★★★★,img/kouryu.png,179,"['-', '耐', '耐', '耐', '耐', '無', '- / 無(防魔)']",,,"['二段の猛速', '三段の賢魔', '虐殺者', 'ヘルズアイ', '不屈の闘志']",龍神
ケツアルカトル ,80,★★★★★,img/quetzalcoatl02.png,1178,"['耐', '吸', '-', '-', '耐', '耐', '弱 / 無(防魔)']",,,"['火炎ハイブースタ', '無慈悲な一撃', '魅了無効', 'タルカオート', '物理無効']",龍神 
ペレ,40,★★★,img/pele.png,41,"['- / 耐(防魔)', '耐', '弱', '-', '-', '-', '-']",,,"['メポズムディ', 'メウィークディ', 'マハザン', '毒床歩き', '初段の賢魔']",地母神
クシナダヒメ,47,★★★,img/kushinadahime.png,42,"['-', '-', '-', '-', '-', '耐 / 無(防魔)', '弱']",,,"['ディアラ', 'ムド', 'マハラギ', 'メパララディ', 'ジオ']",地母神
イシス,54,★★★,img/isis.png,43,"['-', '耐', '-', '無', '- / 無(防魔)', '-', '-']",,,"['サマリカーム', '初段の剛力', '百発百中', 'メチャームディ', 'ザン']",地母神
キクリヒメ,60,★★★★,img/kikurihime.png,44,"['-', '-', '-', '弱', '無', '-', '弱 / 耐(防魔)']",,,"['リディア', '火炎耐性', 'マハポイズマオン', '捨て身の一撃', 'ラクカジャ']",地母神
スカディ,67,★★★★,img/skadi.png,45,"['-', '弱 / 耐(防魔)', '吸', '-', '-', '-', '-']",,,"['マハマカジャマ', '放電', '二段の剛力', 'メディラ', '電撃耐性']",地母神
アシェラト,83,★★★★★,img/ashratu.png,46,"['-', '無', '弱 / 反(防魔)', '-', '無', '-', '弱']",,,"['メディラマ', '三段の恵体', '緊縛無効', '三段の強運', '呪殺耐性']",地母神
キュベレ,85,★★★★★,img/cybele.png,222,"['-', '吸', '弱 / 反(防魔)', '-', '耐', '無', '耐']","[167, 29, 46]",1500000.0,"['無慈悲な一撃', '未設定', '未設定', '未設定', '未設定']",地母神 
セイオウボ,86,★★★★★,img/seioubo.png,262,"['-', '-', '-', '-', '-', '無 / 吸(防魔)', '耐']",,,"['メディラマ', '強靭の権化', '緊縛無効', '回復ハイブースタ', 'ラクカオート']",地母神 
カーリー,89,★★★★★,img/kali.png,263,"['-', '無', '弱', '-', '-', '耐', '無 / 反(防魔)']",,,"['千発千中', 'デスカウンター', '致命の一撃', 'ギガントマキア', 'スクカオート']",地母神 
タケミナカタ,27,★★,img/takeminakata.png,47,"['-', '弱', '-', '耐', '-', '-', '- / 耐(防魔)']",,,"['反撃', '未設定', '未設定', '未設定', '未設定']",鬼神
ゾウチョウテン,41,★★★,img/zouchouten.png,48,"['-', '無', '弱', '-', '-', '耐', '- / 耐(防魔)']",,,"['ラクカジャ', '地獄のマスク', '初段の剛力', 'メチャームディ', 'メチャームディ']",鬼神
コウモクテン,50,★★★,img/koumokuten.png,49,"['- / 耐(防魔)', '-', '-', '無', '弱', '耐', '-']",,,"['ジオンガ', '初段の強運', 'マハブフ', 'コロシの愉悦', 'ブフ']",鬼神
ジコクテン,62,★★★★,img/jikokuten.png,50,"['-', '- / 無(防魔)', '-', '弱', '無', '耐', '-']",,,"['マハザンマ', 'バインドクロー', 'メディアラハン', 'ホワイトノイズ', '吸血']",鬼神
ビシャモンテン,70,★★★★,img/bishamonten.png,51,"['-', '弱', '無', '-', '-', '-', '- / 耐(防魔)']",,,"['破魔耐性', 'エナジードレイン', 'マカジャマオン', 'メチャームディ', '衝撃耐性']",鬼神
ショウキ,75,★★★★,img/shouki.png,52,"['- / 耐(防魔)', '耐', '-', '-', '弱', '耐', '-']",,,"['地獄のマスク', 'マハムドダイン', '毒床渡り', '魔封追撃', 'マハンマオン']",鬼神
トール,83,★★★★★,img/thor.png,53,"['耐', '無 / 反(防魔)', '-', '吸', '弱', '耐', '-']",,,"['メガトンレイド', 'マハンマダイン', 'ラクカオート', '電撃ブースタ', '衝撃耐性']",鬼神
エンジェル,20,★★,img/angel.png,54,"['-', '-', '-', '弱 / 耐(防魔)', '-', '無', '弱']",,,"['ハマ', '未設定', '未設定', '未設定', '未設定']",天使
アークエンジェル,25,★★,img/archangel.png,55,"['- / 耐(防魔)', '-', '-', '-', '-', '無', '弱']",,,"['タルカジャ', '未設定', '未設定', '未設定', '未設定']",天使
プリンシパリティ,35,★★,img/principality.png,56,"['-', '-', '-', '-', '-', '無', '弱 / 耐(防魔)']",,,"['リカーム', '未設定', '未設定', '未設定', '未設定']",天使
パワー,40,★★★,img/power.png,57,"['-', '-', '-', '耐', '弱 / 耐(防魔)', '無', '弱']",,,"['メディア', 'メパララディ', 'ムド', '初段の賢魔', '自然治癒']",天使
ヴァーチャー,47,★★★,img/virtue.png,58,"['-', '-', '- / 無(防魔)', '弱', '無', '無', '弱']",,,"['メクロズディ', 'マハジオ', 'アギ', '初段の強運', '初段の猛速']",天使
ドミニオン,53,★★★,img/dominion.png,59,"['-', '-', '-', '耐 / 無(防魔)', '弱', '無', '弱']",,,"['メカースディ', 'メチャームディ', 'スラッシュ', '初段の恵体', 'ブフ']",天使
ソロネ,60,★★★★,img/throne.png,60,"['-', '無', '弱 / 無(防魔)', '-', '-', '無', '弱']",,,"['電撃耐性', '雄叫び', '氷結耐性', 'デスタッチ', '野獣の勘']",天使
アガシオン,5,★,img/agathion.png,61,"['-', '耐', '弱', '耐', '-', '-', '弱 / 耐(防魔)']",,,"['カースディ', '未設定', '未設定', '未設定', '未設定']",妖魔
コッパテング,7,★,img/koppatengu.png,62,"['-', '- / 耐(防魔)', '-', '弱', '耐', '-', '-']",,,"['毒床歩き', '未設定', '未設定', '未設定', '未設定']",妖魔
アプサラス,11,★,img/apsara.png,63,"['-', '弱', '耐', '- / 耐(防魔)', '-', '-', '-']",,,"['ポズムディ', '未設定', '未設定', '未設定', '未設定']",妖魔
ディース,34,★★,img/dis.png,64,"['-', '-', '耐', '耐', '- / 耐(防魔)', '-', '弱']",,,"['マカジャマ', '未設定', '未設定', '未設定', '未設定']",妖魔
ヴァルキリー,40,★★★,img/valkyrie.png,65,"['耐', '-', '-', '弱 / 耐(防魔)', '耐', '-', '-']",,,"['マハンマ', 'メウィークディ', 'スラッシュ', 'クロズディ', 'ウィークディ']",妖魔
イフリート,52,★★★,img/ifrit.png,66,"['-', '吸', '弱', '- / 耐(防魔)', '-', '-', '-']",,,"['アギラオ', 'なぎ払い', 'ヒートウェイブ', 'ザン', 'アウトブレイク']",妖魔
ガネーシャ,66,★★★★,img/ganesa.png,67,"['耐', '-', '-', '弱', '無', '-', '弱 / 無(防魔)']",,,"['怪力乱神', 'メポズムディ', 'マハザンダイン', '天罰', 'デゾレト']",妖魔
ノズチ,15,★,img/nozuchi.png,68,"['耐', '弱 / 耐(防魔)', '耐', '耐', '弱', '-', '弱']",,,"['一分の活泉', '未設定', '未設定', '未設定', '未設定']",龍王
ナーガ,28,★★,img/naga.png,69,"['-', '弱', '耐 / 無(防魔)', '耐', '弱', '-', '弱']",,,"['絶命剣', '未設定', '未設定', '未設定', '未設定']",龍王
ゲンブ,45,★★★,img/genbu.png,70,"['- / 耐(防魔)', '弱', '無', '-', '-', '-', '-']",,,"['ブフーラ', '毒床歩き', '初段の剛力', 'スラッシュ', '自然治癒']",龍王
ヤマタノオロチ,61,★★★★,img/yamatanoorochi.png,71,"['-', '無', '無', '弱', '-', '- / 無(防魔)', '-']",,,"['ブフダイン', '毒床歩き', 'デカジャ', '吸魔', 'ミナゴロシの愉悦']",龍王
ユルング,70,★★★★,img/yurlungur.png,72,"['-', '弱 / 耐(防魔)', '無', '耐', '-', '-', '弱']",,,"['マハシバブー', '溶解ブレス', 'リカームドラ', '毒追撃', 'マハンマ']",龍王
アナンタ,83,★★★★★,img/ananta.png,73,"['-', '-', '無 / 吸(防魔)', '無', '弱', '無', '-']",,,"['ディアラハン', 'ギガントマキア', '毒追撃', 'マハザンダイン', '衝撃耐性']",龍王
カーシー,3,★,img/cusith.png,74,"['-', '- / 耐(防魔)', '-', '-', '-', '無', '-']",,,"['スラッシュ', '未設定', '未設定', '未設定', '未設定']",魔獣
イヌガミ,9,★,img/inugami.png,75,"['-', '耐', '弱', '-', '-', '-', '- / 耐(防魔)']",,,"['アギ', '未設定', '未設定', '未設定', '未設定']",魔獣
ネコマタ,14,★,img/nekomata.png,76,"['-', '耐', '弱 / 耐(防魔)', '弱', '耐', '-', '-']",,,"['チャームディ', '未設定', '未設定', '未設定', '未設定']",魔獣
オルトロス,35,★★,img/orthrus.png,77,"['-', '無', '弱', '- / 耐(防魔)', '-', '-', '耐']",,,"['アギラオ', '未設定', '未設定', '未設定', '未設定']",魔獣
アーマーン,44,★★★,img/aman.png,78,"['-', '-', '弱 / 耐(防魔)', '無', '-', '-', '-']",,,"['リベリオン', 'ジオ', '暴れまくり', '初段の恵体', 'マハブフ']",魔獣
ケルベロス,61,★★★★,img/cerberus.png,79,"['- / 耐(防魔)', '反', '弱', '-', '-', '-', '-']",,,"['アギダイン', '緊縛追撃', '反撃', 'ヒートウェイブ', '初段の猛速']",魔獣
カブソ,20,★★,img/kabuso.png,221,"['-', '-', '耐 / 無(防魔)', '弱', '-', '-', '-']",,,"['乱れ狂い', '未設定', '未設定', '未設定', '未設定']",魔獣 
ネコマタ ,60,★★★★,img/nekomata02.png,1076,"['-', '耐', '-', '弱', '耐', '-', '-']",,,"['スピードスター', '見切り', '乱れ狂い', '勇奮の鼓舞', '早手の舞い']",魔獣 
ピクシー,2,★,img/pixie.png,80,"['-', '-', '-', '耐', '-', '- / 耐(防魔)', '弱']",,,"['ディア', '未設定', '未設定', '未設定', '未設定']",妖精
ジャックフロスト,7,★,img/jackfrost.png,81,"['-', '弱', '耐', '- / 耐(防魔)', '-', '-', '-']",,,"['ブフ', '未設定', '未設定', '未設定', '未設定']",妖精
ジャックランタン,13,★,img/jackolantern.png,82,"['-', '耐', '弱', '-', '- / 耐(防魔)', '-', '-']",,,"['アギ', '未設定', '未設定', '未設定', '未設定']",妖精
ハイピクシー,24,★★,img/highpixie.png,83,"['-', '-', '-', '-', '耐', '- / 耐(防魔)', '-']",,,"['デゾレト', '未設定', '未設定', '未設定', '未設定']",妖精
ケルピー,35,★★,img/kelpie.png,84,"['-', '-', '耐', '-', '弱', '-', '- / 耐(防魔)']",,,"['ディアラ', '未設定', '未設定', '未設定', '未設定']",妖精
シルキー,42,★★★,img/silky.png,85,"['-', '弱', '無', '-', '- / 耐(防魔)', '-', '-']",,,"['メウィークディ', 'コロシの愉悦', 'なぎ払い', '毒床歩き', '野生の勘']",妖精
セタンタ,47,★★★,img/setanta.png,86,"['-', '-', '-', '弱 / 耐(防魔)', '無', '-', '弱']",,,"['鬼神楽', '初段の恵体', 'ジオ', 'カースディ', 'ヒートウェイブ']",妖精
ティターニア,62,★★★★,img/titania.png,87,"['- / 耐(防魔)', '-', '-', '-', '-', '耐', '耐']",,,"['電撃ブースタ', 'タルンダ', 'マハムド', '絶命剣', '放電']",妖精
オベロン,67,★★★★,img/oberon.png,88,"['-', '-', '- / 耐(防魔)', '弱', '吸', '-', '-']",,,"['衝撃ブースタ', 'スラッシュ', '初段の恵体', 'タルカジャ', '吸魔']",妖精
ナジャ,30,★★,img/nadja.png,210,"['-', '-', '弱', '-', '耐 / 無(防魔)', '-', '-']",,,"['メポズムディ', '未設定', '未設定', '未設定', '未設定']",妖精 
おてつだいフロスト,63,★★★★,img/jackfrost.png,1081,"['-', '弱', '吸', '-', '-', '-', '-']",,,"['ブフーラ', '未設定', '未設定', '未設定', '未設定']",妖精 
トリック・ランタン,65,★★★★,img/jackolantern.png,1082,"['-', '吸', '弱', '-', '-', '-', '-']",,,"['アギラオ', '未設定', '未設定', '未設定', '未設定']",妖精 
デモニホ,84,★★★★★,img/demoniho.png,264,"['無 / 反(防魔)', '耐', '-', '-', '-', '-', '-']",,,"['鋭気の権化', 'タルカオート', '奈落のマスク', '千発千中', '火炎無効']",妖精 
コロポックル,12,★,img/korpokkur.png,214,"['-', '-', '-', '-', '-', '無', '弱']",,,"['タルンダ', '未設定', '未設定', '未設定', '未設定']",地霊
コダマ,22,★★,img/kodama.png,215,"['-', '弱', '-', '-', '無', '-', '-']",,,"['ザン', '未設定', '未設定', '未設定', '未設定']",地霊
カハク,40,★★★,img/kahaku.png,216,"['-', '無', '-', '弱', '-', '-', '-']",,,"['マハラギ', '火炎ブースタ', '自然治癒', 'ファイアブレス', '二段の猛速']",地霊
カワンチャ,46,★★★,img/kawancha.png,217,"['-', '-', '-', '-', '弱', '-', '-']",,,"['毒針', '二段の賢魔', '乱れ狂い', '地獄のマスク', '毒追撃']",地霊
ティターン,60,★★★★,img/titan.png,218,"['耐', '-', '-', '-', '-', '-', '-']",,,"['マッスルパンチ', '物理ブースタ', '三段の恵体', '野生の勘', '猛反撃']",地霊
トラルテクトリ,66,★★★★,img/tlaltecuhtli.png,219,"['耐', '-', '弱', '無', '-', '-', '-']",,,"['マハジオンガ', '地獄の業火', '二分の活泉', 'ショックウェーブ', '氷結耐性']",地霊
ゴグマゴグ,80,★★★★★,img/gogmagog.png,220,"['耐', '弱', '反', '無', '弱', '-', '弱']",,,"['アースクエイク', '準物理貫通', 'ラクカオート', '強靭の権化', '鋭気の権化']",地霊
グレムリン,11,★,img/gremlin.png,183,"['-', '弱 / 耐(防魔)', '耐', '耐', '弱', '-', '-']",,,"['ジオ', '未設定', '未設定', '未設定', '未設定']",邪鬼
イッポンダタラ,26,★★,img/ippondatara.png,184,"['-', '耐', '-', '-', '-', '-', '弱 / 耐(防魔)']",,,"['ムドオン', '未設定', '未設定', '未設定', '未設定']",邪鬼
グレンデル,51,★★★,img/grendel.png,185,"['耐', '-', '-', '-', '弱 / 耐(防魔)', '-', '-']",,,"['デスバウンド', 'バインドクロー', '食いしばり', '猛反撃', '野生の勘']",邪鬼
ラクシャーサ,61,★★★★,img/rakshasa.png,186,"['耐', '-', '-', '弱', '- / 耐(防魔)', '弱', '-']",,,"['絶命剣', '五月雨斬り', '二段の猛速', '呪い追撃', 'スピードスター']",邪鬼
クドラク,67,★★★★,img/kudlak.png,187,"['-', '耐', '-', '-', '-', '弱', '無 / 吸(防魔)']",,,"['エナジードレイン', '呪い追撃', 'マハポイズマオン', '追い討ち', '破魔耐性']",邪鬼
ヘカトンケイル,74,★★★★,img/hecatoncheir.png,188,"['無 / 吸(防魔)', '-', '-', '-', '弱', '弱', '-']",,,"['メガトンプレス', '物理ブースタ', '呪い追撃', '溶解ブレス', '破魔耐性']",邪鬼
じゃあくフロスト,80,★★★★★,img/blackfrost.png,189,"['-', '耐 / 無(防魔)', '無', '-', '-', '弱', '無']",,,"['マハブフダイン', '無慈悲な一撃', '狂い咲き', 'アイスエイジ', '破魔耐性']",邪鬼
メルコム,4,★,img/melchom.png,89,"['- / 耐(防魔)', '耐', '弱', '-', '弱', '弱', '耐']",,,"['ディア', '未設定', '未設定', '未設定', '未設定']",堕天使
エリゴール,10,★,img/eligor.png,90,"['耐', '-', '-', '弱', '-', '- / 耐(防魔)', '無']",,,"['ムド', '未設定', '未設定', '未設定', '未設定']",堕天使
デカラビア,23,★★,img/decarabia.png,91,"['-', '-', '- / 耐(防魔)', '-', '-', '弱', '耐']",,,"['マハラギ', '未設定', '未設定', '未設定', '未設定']",堕天使
フォルネウス,41,★★★,img/forneus.png,92,"['-', '-', '吸', '弱', '-', '- / 無(防魔)', '無']",,,"['ブフーラ', '初段の猛速', 'メクロズディ', 'ジオ', 'チャームディ']",堕天使
オセ,54,★★★,img/ose.png,93,"['- / 無(防魔)', '-', '-', '-', '-', '-', '耐']",,,"['冥界破', 'アギ', 'チャームディ', 'メディア', '乱れ狂い']",堕天使
ダンタリアン,70,★★★★,img/dantalion.png,94,"['-', '耐', '耐', '弱', '無', '弱', '耐 / 反(防魔)']",,,"['マカラカーン', 'バインドボイス', 'アイスブレス', '挑発', '二段の強運']",堕天使
サマエル,84,★★★★★,img/samael.png,95,"['-', '- / 無(防魔)', '-', '弱', '-', '反', '反']",,,"['勝利のチャクラ', 'ファイアブレス', 'ムドダイン', 'ウィンドブレス', '回復ブースタ']",堕天使
ネビロス,81,★★★★★,img/nebiros.png,259,"['-', '-', '-', '-', '-', '弱 / 無(防魔)', '反']",,,"['狂乱の権化', 'タルンダオート', '強靭の権化', '魅了無効', 'ネクロ・ドグマ']",堕天使 
アズミ,3,★,img/azumi.png,96,"['-', '-', '耐', '弱', '- / 耐(防魔)', '-', '-']",,,"['パララディ', '未設定', '未設定', '未設定', '未設定']",妖鬼
モムノフ,15,★,img/momunofu.png,97,"['耐', '-', '-', '-', '弱 / 耐(防魔)', '-', '-']",,,"['なぎ払い', '未設定', '未設定', '未設定', '未設定']",妖鬼
オニ,27,★★,img/oni.png,98,"['-', '-', '-', '弱', '- / 耐(防魔)', '-', '-']",,,"['テトラコワース', '未設定', '未設定', '未設定', '未設定']",妖鬼
ヨモツイクサ,41,★★★,img/yomotsuikusa.png,99,"['-', '-', '-', '-', '弱', '弱 / 耐(防魔)', '耐']",,,"['毒耐性', 'クロズディ', '初段の恵体', 'メカースディ', 'メウィークディ']",妖鬼
シキオウジ,49,★★★,img/sikiouji.png,100,"['無', '弱', '弱 / 耐(防魔)', '-', '-', '耐', '耐']",,,"['魔封耐性', 'メウィークディ', 'マハラギ', '祟り', 'ディア']",妖鬼
ベルセルク,54,★★★,img/berserk.png,101,"['無', '-', '- / 無(防魔)', '-', '弱', '-', '-']",,,"['チャージ', 'ソウルドレイン', '初段の賢魔', 'クロズディ', '野生の勘']",妖鬼
オンギョウキ,68,★★★★,img/ongyouki.png,102,"['耐', '-', '耐', '-', '耐', '弱', '- / 無(防魔)']",,,"['暗夜剣', '反撃', '魅了追撃', '初段の強運', 'ウィンドブレス']",妖鬼
リャナンシー,12,★,img/leanansidhe.png,103,"['-', '-', '-', '-', '弱 / 耐(防魔)', '-', '-']",,,"['ディア', '未設定', '未設定', '未設定', '未設定']",鬼女
ヨモツシコメ,23,★★,img/yomotsushikome.png,104,"['-', '弱', '-', '-', '- / 耐(防魔)', '弱', '耐']",,,"['タルンダ', '未設定', '未設定', '未設定', '未設定']",鬼女
ヤクシニー,34,★★,img/yakshini.png,105,"['- / 耐(防魔)', '-', '-', '弱', '無', '-', '-']",,,"['呪い耐性', '未設定', '未設定', '未設定', '未設定']",鬼女
マーメイド,42,★★★,img/mermaid.png,106,"['-', '-', '耐 / 無(防魔)', '弱', '耐', '-', '-']",,,"['アイスブレス', 'クロズディ', '暴れまくり', 'パララディ', '暴れまくり']",鬼女
ダーキニー,53,★★★,img/dakini.png,107,"['耐', '吸', '弱 / 耐(防魔)', '-', '-', '-', '-']",,,"['バリアコワース', '毒ガスブレス', 'ショックウェーブ', '初段の賢魔', '野生の勘']",鬼女
ランダ,67,★★★★,img/rangda.png,108,"['反', '-', '-', '弱', '- / 無(防魔)', '-', '-']",,,"['マハジュオン', 'ウィンドブレス', 'マハブフーラ', 'デカジャ', '吸魔']",鬼女
モコイ,5,★,img/mokoi.png,109,"['-', '-', '-', '耐', '弱', '-', '- / 耐(防魔)']",,,"['ジオ', '未設定', '未設定', '未設定', '未設定']",夜魔
ザントマン,10,★,img/sandmann.png,110,"['-', '-', '- / 耐(防魔)', '弱', '耐', '-', '-']",,,"['ザン', '未設定', '未設定', '未設定', '未設定']",夜魔
インキュバス,21,★★,img/incubus.png,111,"['-', '-', '- / 耐(防魔)', '弱', '耐', '-', '-']",,,"['マリンカリン', '未設定', '未設定', '未設定', '未設定']",夜魔
フォーモリア,30,★★,img/fomorians.png,112,"['-', '弱', '耐', '-', '-', '- / 耐(防魔)', '-']",,,"['マハブフ', '未設定', '未設定', '未設定', '未設定']",夜魔
キウン,42,★★★,img/kaiwan.png,113,"['-', '-', '弱 / 耐(防魔)', '-', '-', '弱', '無']",,,"['ムドオン', '初段の賢魔', '初段の強運', 'コロシの愉悦', 'マハンマ']",夜魔
リリム,47,★★★,img/lilin.png,114,"['-', '-', '弱', '- / 無(防魔)', '無', '-', '-']",,,"['魅了耐性', '初段の強運', 'ブフ', 'ウィークディ', 'ジオ']",夜魔
サキュバス,63,★★★★,img/sucubus.png,115,"['-', '耐', '無', '-', '-', '弱 / 耐(防魔)', '-']",,,"['マハマリンカリン', '吸血', 'マハブフーラ', '野獣の勘', 'マハムドオン']",夜魔
リリス,80,★★★★★,img/lilith.png,116,"['-', '耐', '耐', '吸', '弱', '弱 / 無(防魔)', '無']",,,"['マハジオダイン', '魅了追撃', 'マハデゾレトオン', '二段の猛速', '衝撃耐性']",夜魔
マーヤー,86,★★★★★,img/maya.png,265,"['-', '-', '-', '無', '-', '-', '耐 / 吸(防魔)']",,,"['魅了無効', '大虐殺者', '狂い咲き', 'ディスタブ', '呪い無効']",夜魔 
アブラクサス,26,★★,img/abraxas.png,117,"['吸', '弱', '弱', '弱', '弱', '弱', '弱 / 無(防魔)']",,,"['デクンダ', '未設定', '未設定', '未設定', '未設定']",邪神
バフォメット,41,★★★,img/baphomet.png,118,"['-', '-', '-', '-', '-', '弱 / 耐(防魔)', '無']",,,"['マハムド', '暴れまくり', 'マハブフ', '野生の勘', 'ジオ']",邪神
アラハバキ,50,★★★,img/arahabaki.png,119,"['耐', '弱', '弱 / 無(防魔)', '弱', '弱', '耐', '耐']",,,"['メギド', 'なぎ払い', '乱れ狂い', 'ムド', 'メチャームディ']",邪神
パズス,62,★★★★,img/pazuzu.png,120,"['-', '-', '弱', '-', '無', '- / 無(防魔)', '無']",,,"['火炎耐性', '魔封耐性', 'メディア', 'ザンマ', 'デスバウンド']",邪神
ギリメカラ,67,★★★★,img/girimekhala.png,121,"['反', '-', '-', '弱', '弱 / 耐(防魔)', '弱', '-']",,,"['呪殺耐性', '審判の光', 'アギダイン', 'クロズディ', 'ブフーラ']",邪神
セト,84,★★★★★,img/set.png,122,"['-', '弱 / 耐(防魔)', '-', '無', '無', '-', '吸']",,,"['ザンダイン', '甘噛み', '三段の強運', '空間殺法', '暗殺者']",邪神
ミシャグジさま,65,★★★★,img/mishagujisama.png,201,"['-', '-', '-', '無 / 吸(防魔)', '弱', '弱', '無']",,,"['マハジオンガ', 'テトラジャ', '未設定', '未設定', '未設定']",邪神 
カマソッソ,42,★★★,img/camazotz.png,250,"['弱 / 反(防魔)', '-', '-', '弱', '-', '弱', '-']",,,"['毒ガスブレス', '狂乱の剛爪', '百発百中', '毒耐性', 'コロシの愉悦']",凶鳥
モー・ショボー,49,★★★,img/mohshuvuu.png,251,"['-', '弱', '-', '-', '無 / 吸(防魔)', '-', '-']",,,"['ザンマ', '食いしばり', '乱れ狂い', '野生の勘', 'ウィンドブレス']",凶鳥
アンズー,60,★★★★,img/anzu.png,252,"['-', '-', '-', '無 / 反(防魔)', '弱', '-', '-']",,,"['ジオダイン', 'ショックウェーブ', '追い打ち', '二段の賢魔', '衝撃耐性']",凶鳥
グルル,71,★★★★,img/gurr.png,253,"['弱', '-', '-', '-', '無 / 反(防魔)', '弱', '-']",,,"['毒針', '毒追撃', '緊縛追撃', '二段の猛速', '破魔耐性']",凶鳥
フレスベルグ,84,★★★★★,img/hraesvelgr.png,254,"['弱', '弱', '吸', '-', '無 / 吸(防魔)', '-', '-']",,,"['ブフダイン', 'マハブフダイン', 'スピードスター', '絶対零度', '物理耐性']",凶鳥
チャグリン,4,★,img/chagrin.png,123,"['-', '弱', '-', '耐', '-', '-', '- / 耐(防魔)']",,,"['ウィークディ', '未設定', '未設定', '未設定', '未設定']",妖獣
バイコーン,9,★,img/bicorn.png,124,"['-', '-', '-', '-', '弱', '- / 耐(防魔)', '無']",,,"['突撃', '未設定', '未設定', '未設定', '未設定']",妖獣
ライジュウ,20,★★,img/raijyu.png,125,"['-', '-', '-', '耐 / 無(防魔)', '弱', '-', '-']",,,"['虚弱耐性', '未設定', '未設定', '未設定', '未設定']",妖獣
ヌエ,25,★★,img/nue.png,126,"['- / 耐(防魔)', '-', '-', '耐', '弱', '-', '-']",,,"['マハジオ', '未設定', '未設定', '未設定', '未設定']",妖獣
モスマン,41,★★★,img/mothman.png,127,"['-', '- / 無(防魔)', '-', '耐', '弱', '-', '-']",,,"['緊縛耐性', 'ザン', 'ヒートウェイブ', '見切り', 'メパララディ']",妖獣
ピアレイ,46,★★★,img/pialay.png,128,"['-', '弱', '耐', '-', '-', '弱 / 耐(防魔)', '-']",,,"['マハデゾレト', 'ジオ', 'マハラギ', '初段の猛速', '毒床歩き']",妖獣
フェンリル,61,★★★★,img/fenrir.png,129,"['-', '弱', '吸', '耐', '弱 / 耐(防魔)', '-', '-']",,,"['虚空爪激', '呪殺耐性', '丸かじり', 'メウィークディ', 'ハマ']",妖獣
スライム,1,★,img/slime.png,130,"['弱', '弱', '弱', '弱', '弱 / 耐(防魔)', '弱', '-']",,,"['スラッシュ', '未設定', '未設定', '未設定', '未設定']",外道
ファントム,10,★,img/phantom.png,131,"['耐', '-', '-', '- / 耐(防魔)', '弱', '弱', '無']",,,"['ジオ', '未設定', '未設定', '未設定', '未設定']",外道
ブロブ,20,★★,img/blob.png,132,"['耐', '-', '弱', '-', '- / 耐(防魔)', '弱', '無']",,,"['ポイズマ', '未設定', '未設定', '未設定', '未設定']",外道
ブラックウーズ,25,★★,img/blackooze.png,133,"['耐', '- / 無(防魔)', '-', '弱', '-', '弱', '無']",,,"['ジュ', '未設定', '未設定', '未設定', '未設定']",外道
シャドウ,35,★★,img/shadow.png,134,"['耐', '-', '- / 耐(防魔)', '-', '弱', '弱', '無']",,,"['ラクンダ', '未設定', '未設定', '未設定', '未設定']",外道
マッドガッサー,45,★★★,img/madgasser.png,135,"['-', '-', '-', '-', '-', '弱', '耐 / 無(防魔)']",,,"['マハポイズマ', 'ジオ', 'ハマ', 'スクカジャ', 'メチャームディ']",外道
ジャック・リパー,22,★★,img/jacktheripper.png,229,"['-', '弱', '-', '-', '-', '弱', '耐久']",,,"['コロシの愉悦', '未設定', '未設定', '未設定', '未設定']",外道 
オーカス,46,★★★,img/orcus.png,136,"['耐', '-', '弱 / 無(防魔)', '-', '-', '弱', '-']",,,"['食いしばり', 'マハブフ', 'ザン', '野生の勘', '自然治癒']",魔王
アバドン,60,★★★★,img/abaddon.png,137,"['- / 無(防魔)', '反', '-', '弱', '-', '-', '-']",,,"['猛反撃', '初段の猛速', '地獄のマスク', 'ジュ', 'メクロズディ']",魔王
キングフロスト,64,★★★★,img/kingfrost.png,172,"['-', '弱 / 耐(防魔)', '無', '-', '-', '耐', '-']",,,"['氷結ブースタ', 'ブフダイン', '暴飲暴食', '地獄のマスク', '緊縛耐性']",魔王
ベルゼブブ,68,★★★★,img/beelzebub.png,138,"['-', '-', '-', '耐', '耐', '無 / 反(防魔)', '無']",,,"['ムドダイン', 'マハデゾレトオン', '物理耐性', 'コロシの愉悦', '電撃耐性']",魔王
ロキ,75,★★★★,img/loki.png,139,"['-', '-', '無', '-', '耐', '弱 / 耐(防魔)', '耐']",,,"['ザンダイン', 'コロシの愉悦', '丸かじり', 'マハムドオン', 'ムドオン']",魔王
スルト,83,★★★★★,img/surtr.png,140,"['-', '吸', '弱 / 無(防魔)', '-', '-', '-', '-']",,,"['怪力乱神', '地獄の業火', '三段の賢魔', '火炎ブースタ', '丸かじり']",魔王
マーラ,90,★★★★★,img/mara.png,141,"['-', '-', '弱 / 無(防魔)', '吸', '-', '耐', '耐']",,,"['緊縛無効', '三段の剛力', '千発千中', '物理ブースタ', '物理耐性']",魔王
ルシファー,98,★★★★★,img/lucifer.png,142,"['耐', '-', '-', '-', '-', '弱 / 吸(防魔)', '反']",,,"['メギドラオン', '三段の恵体', '魅了無効', 'イービルアイ', 'マリンカリオン']",魔王
アバドン ,60,★★★★,img/abaddon02.png,1137,"['無', '反', '-', '弱', '-', '-', '-']",,,"['暴飲暴食', '火炎ブースタ', '二分の活泉', '地獄のマスク', '電撃耐性']",魔王 
ツィツィミトル,80,★★★★★,img/tzitzimitl.png,258,"['-', '-', '-', '-', '-', '弱 / 無(防魔)', '無']","[178, 72, 108]",1500000.0,"['奈落のマスク', '呪殺エンハンス', '狂乱の権化', 'ヘルズアイ', '三分の活泉']",魔王 
ヘカーテ,81,★★★★★,img/hecate.png,247,"['-', '無', '-', '-', '-', '弱 / 無(防魔)', '反']",,,"['緊縛無効', '呪殺ハイブースタ', 'タルカオート', '無慈悲な一撃', '野獣の勘']",魔王 
ベリアル,85,★★★★★,img/belial.png,260,"['-', '反', '弱', '-', '-', '-', '無 / 反(防魔)']",,,"['鋭気の権化', '千発千中', '火炎エンハンス', 'ミナゴロシの愉悦', '氷結無効']",魔王 
ルキフグス,92,★★★★★,img/lucifugus.png,255,"['-', '-', '-', '-', '無', '弱', '吸']","[230, 94, 137]",1000000.0,"['呪殺ハイブースタ', '未設定', 'タ未設定', '未設定', '未設定']",魔王 
ティアマト,58,★★★,img/tiamat.png,234,"['-', '無', '無 / 吸(防魔)', '弱', '-', '-', '耐']",,,"['マハブフーラ', '二段の賢魔', '魅了耐性', 'メギド', 'ブフーラ']",邪龍
ニーズホッグ,72,★★★★,img/nidhogg.png,235,"['無', '-', '無', '弱 / 無(防魔)', '-', '弱', '-']",,,"['暴飲暴食', '捨て身の一撃', '二分の活泉', 'マッスルパンチ', '破魔耐性']",邪龍
ヤム,77,★★★★,img/yam.png,236,"['-', '-', '無 / 吸(防魔)', '-', '弱', '-', '耐']",,,"['氷結ブースタ', 'ブフダイン', 'ソウルドレイン', '不屈の闘志', '衝撃耐性']",邪龍
ファフニール,81,★★★★★,img/fafnir.png,237,"['吸', '-', '弱', '弱 / 吸(防魔)', '-', '-', '-']",,,"['ペノンザッパー', '三段の剛力', '血管断ち', 'デスカウンター', '毒床無効']",邪龍
ヴァスキ,86,★★★★★,img/vasuki.png,238,"['-', '弱 / 無(防魔)', '吸', '-', '-', '-', '耐']",,,"['狂い咲き', 'アイスエイジ', '混沌の海', '毒追撃', '毒無効']",邪龍
ガキ,4,★,img/gaki.png,143,"['-', '弱', '耐', '-', '弱 / 耐(防魔)', '弱', '無']",,,"['ブフ', '未設定', '未設定', '未設定', '未設定']",幽鬼
オバリヨン,7,★,img/obariyon.png,144,"['-', '- / 耐(防魔)', '弱', '耐', '-', '弱', '無']",,,"['クロズディ', '未設定', '未設定', '未設定', '未設定']",幽鬼
モウリョウ,20,★★,img/mouryou.png,145,"['-', '-', '-', '-', '-', '弱', '無 / 反(防魔)']",,,"['ムド', '未設定', '未設定', '未設定', '未設定']",幽鬼
ピシャーチャ,26,★★,img/pishacha.png,146,"['-', '弱', '- / 耐(防魔)', '-', '無', '弱', '耐']",,,"['マハムド', '未設定', '未設定', '未設定', '未設定']",幽鬼
レギオン,34,★★,img/legion.png,147,"['-', '- / 耐(防魔)', '-', '弱', '-', '弱', '耐']",,,"['マハザン', '未設定', '未設定', '未設定', '未設定']",幽鬼
ラフィン・スカル,44,★★★,img/laughinskull.png,148,"['-', '吸', '弱', '-', '- / 耐(防魔)', '弱', '無']",,,"['ディスコード', 'なぎ払い', 'ポズムディ', '暴れまくり', 'マハジオ']",幽鬼
ヴェータラ,55,★★★,img/vetala.png,149,"['-', '弱 / 耐(防魔)', '-', '-', '-', '弱', '無']",,,"['リディアコワース', 'カースディ', '初段の猛速', 'ヒートウェイブ', '初段の猛速']",幽鬼
ネロ,70,★★★★,img/nero.png,2006,"['-', '-', '-', '耐', '-', '-', '耐']",,,"['電撃ブースタ', '二段の猛速', '二段の賢魔', 'ジオダイン', '氷結耐性']",魔人
ダンテ,70,★★★★,img/dante.png,2007,"['-', '-', '-', '-', '-', '-', '耐']",,,"['物理ブースタ', '二段の剛力', '五月雨斬り', '二段の恵体', '物理耐性']",魔人
マタドール,73,★★★★,img/matador.png,209,"['耐', '-', '弱 / 反(防魔)', '-', '-', '耐', '耐']",,,"['暗夜剣', '冥界破', 'スピードスター', '空間殺法', '挑発']",魔人
ホワイトライダー,74,★★★★,img/whiterider.png,150,"['-', '-', '-', '吸', '弱 / 無(防魔)', '耐', '耐']",,,"['ジオダイン', 'ブフーラ', '百発百中', 'メチャームディ', 'マハラギオン']",魔人
ヘルズエンジェル,77,★★★★,img/hellsangel.png,181,"['-', '反', '-', '-', '耐', '弱 / 反(防魔)', '-']",,,"['マハラギオン', 'アギダイン', '雄叫び', '緊縛追撃', '呪殺耐性']",魔人
レッドライダー,80,★★★★★,img/redrider.png,240,"['-', '反', '弱 / 無(防魔)', '-', '-', '耐', '耐']",,,"['ミナゴロシの愉悦', '物理ハイブースタ', '破壊の権化', 'ゴッドハンド', '不屈の闘志']",魔人
モズグス,80,★★★★★,img/mozgus.png,3004,"['無', '弱 / 無(防魔)', '-', '-', '-', '耐', '耐']",,,"['マッスルパンチ', 'ミナゴロシの愉悦', '千発千中', '三分の活泉', '勝利の息吹']",魔人
だいそうじょう,81,★★★★★,img/daisoujou.png,211,"['-', '-', '-', '-', '-', '無 / 吸(防魔)', '無']",,,"['ソウルドレイン', 'タルンダオート', '回復ハイブースタ', 'リカームドラ', 'ダークゾーン無効']",魔人
ブラックライダー,82,★★★★★,img/blackrider.png,241,"['-', '弱 / 無(防魔)', '反', '-', '-', '耐', '耐']",,,"['ブフダイン', '氷結ハイブースタ', '強靭の権化', 'アイスエイジ', '不屈の闘志']",魔人
ペイルライダー,84,★★★★★,img/palerider.png,242,"['-', '弱 / 無(防魔)', '反', '-', '-', '耐', '耐']",,,"['ザンダイン', '衝撃ハイブースタ', '狂乱の権化', '殺風激', '不屈の闘志']",魔人
アリス,89,★★★★★,img/alice.png,151,"['-', '-', '-', '-', '-', '弱 / 反(防魔)', '反']",,,"['マハムドオン', '絶対零度', '超自然治癒', '野生の勘', '真理の雷']",魔人
ネロ☆,90,★★★★★,img/nero.png,2008,"['-', '-', '-', '耐', '-', '-', '耐']",,,"['電撃ブースタ', '電撃ハイブースタ', '勝利のチャクラ', '無慈悲な一撃', '電撃無効']",魔人
ダンテ☆,90,★★★★★,img/dante.png,2009,"['-', '-', '-', '-', '-', '耐', '無']",,,"['物理ブースタ', '勝利の息吹', '物理ハイブースタ', 'ミナゴロシの愉悦', '火炎無効']",魔人
髑髏の騎士,90,★★★★★,img/skullknight.png,3003,"['無 / 反(防魔)', '-', '-', '-', '-', '-', '耐']",,,"['千発千中', 'ゴッドハンド', '奈落のマスク', '不屈の闘志', '破魔無効']",魔人
トランぺッター,94,★★★★★,img/trunpeter.png,152,"['- / 耐(防魔)', '-', '-', '-', '-', '無', '無']",,,"['コンセントレイト', '寸分の見切り', 'タルンダオート', 'トリスアギオン', '火炎耐性']",魔人
マザーハーロット,95,★★★★★,img/motherharlot.png,190,"['無 / 吸(防魔)', '-', '-', '吸', '弱', '耐', '耐']",,,"['二分の魔脈', 'テトラカシフト', '奈落のマスク', '狂い咲き', 'マカラカシフト']",魔人
ジークフリード,83,★★★★★,img/siegfried.png,153,"['吸', '-', '-', '-', '- / 耐(防魔)', '-', '-']",,,"['怪力乱神', '千発千中', 'スクンダオート', '刹那五月雨撃ち', '呪殺耐性']",英雄
ジャンヌ・ダルク,78,★★★★,img/jeannedarc.png,170,"['-', '弱 / 反(防)', '耐', '耐', '耐', '-', '-']",,,"['回復ブースタ', '精神漏出', 'メディラマ', '煉獄', 'ザンマ']",英雄
カンセイテイクン,85,★★★★★,img/kanteiseikun.png,212,"['無 / 吸(防魔)', '-', '-', '-', '-', '-', '-']",,,"['ミナゴロシの愉悦', '大虐殺者', '物理ハイブースタ', '千発千中', '緊縛無効']",英雄
ガッツ,85,★★★★★,img/guts.png,3001,"['耐', '-', '-', '-', '-', '-', '耐 / 無(防魔)']",,,"['ミナゴロシの愉悦', '寸分の見切り', '物理ハイブースタ', '刹那五月雨撃ち', '呪殺無効']",英雄
ラーマ,86,★★★★★,img/rama.png,182,"['-', '無', '耐 / 吸(防魔)', '-', '-', '-', '-']",,,"['マハブフダイン', '勝利のチャクラ', 'コンセントレイト', 'アイスエイジ', '魔封無効']",英雄
コウテイ,88,★★★★★,img/koutei.png,171,"['-', '耐', '耐', '耐', '耐', '- / 反(防魔)', '-']",,,"['冥界破', 'タルカオート', '物理無効', '虐殺者', '奈落のマスク']",英雄
トキサダ,92,★★★★★,img/tokisada.png,256,"['-', '-', '-', '耐', '耐', '無 / 反(防魔)', '-']",,,"['致命の一撃', '無慈悲な一撃', 'リベリオート', '勝利の息吹', '破魔エンハンス']",英雄
ヨシツネ,97,★★★★★,img/yoshitsune.png,154,"['耐 / 吸(防魔)', '-', '-', '-', '-', '無', '無']",,,"['空間殺法', 'ゴッドハンド', 'スクカオート', 'ミナゴロシの愉悦', '氷結耐性']",英雄
マサカド ,99,★★★★★,img/masakado02.png,1204,"['無', '耐', '耐', '耐', '耐', '無', '無']",,,"['大虐殺者', '信義なる反撃', '強靭の権化', '迅速の権化', '鋭気の権化']",英雄
かみおとこ,25,★★,img/kamiotoko.png,155,"['-', '-', '-', '-', '- / 無(防魔)', '弱', '反']","[131, 144, 145]",500.0,"['ムドオン', '未設定', '未設定', '未設定', '未設定']",怪異
カシマレイコ,42,★★★,img/kashimareiko.png,192,"['-', '弱', '-', '-', '-', '弱', '吸']","[1, 158, 47]",5000.0,"['ムド', '未設定', '未設定', '未設定', '未設定']",怪異
チュパカブラ,15,★,img/chupacabra.png,156,"['-', '-', '-', '弱 / 耐(防魔)', '-', '-', '-']","[130, 89, 123]",100.0,"['マハザン', '未設定', '未設定', '未設定', '未設定']",珍獣
イナバシロウサギ,41,★★★,img/inabasirousagi.png,157,"['-', '弱 / 無(防魔)', '-', '-', '-', '-', '-']","[76, 112, 20]",5000.0,"['デカジャ', '未設定', '未設定', '未設定', '未設定']",珍獣
カンバリ,30,★★,img/kanbari.png,158,"['弱', '- / 耐(防魔)', '-', '-', '-', '耐', '弱']","[75, 62, 104, 30]",1000.0,"['暴れまくり', '未設定', '未設定', '未設定', '未設定']",秘神
キンマモン,55,★★★,img/kinmamon.png,159,"['-', '無', '弱', '-', '-', '耐', '耐 / 無(防魔)']","[24, 147, 127, 119]",10000.0,"['メギド', '未設定', '未設定', '未設定', '未設定']",秘神
ネコショウグン,61,★★★★,img/nekoshogun.png,243,"['耐', '-', '-', '反', '弱', '無 / 反(防魔)', '無']","[205, 206, 207, 208]",300000.0,"['メディラマ', '未設定', '未設定', '未設定', '未設定']",秘神
カーマ,75,★★★★,img/kama.png,160,"['耐', '弱 / 反(防魔)', '-', '-', '-', '耐', '-']","[105, 14, 107, 108]",200000.0,"['スピードスター', '未設定', '未設定', '未設定', '未設定']",秘神
アティス,65,★★★★,img/attis.png,167,"['耐', '-', '- / 無(防魔)', '-', '-', '-', '-']","[118, 7, 43, 101]",200000.0,"['不屈の闘志', '未設定', '未設定', '未設定', '未設定']",狂神
ディオニュソス,64,★★★★,img/dionysus.png,193,,"[36, 21, 9]",200000.0,"['追い打ち', '未設定', '未設定', '未設定', '未設定']",狂神
アリラト,85,★★★★★,img/alilat.png,168,"['耐 / 無(防魔)', '-', '-', '-', '-', '耐', '耐']","[41, 42, 2, 3]",500000.0,"['メギドラ', '未設定', '未設定', '未設定', '未設定']",威霊
ヘル,60,★★★★,img/hel.png,194,"['-', '弱', '無 / 反(防魔)', '-', '-', '-', '無']",,,"['マハブフーラ', '無慈悲な一撃', '不屈の闘志', 'ブフダイン', '火炎耐性']",死神
チェルノボグ,64,★★★★,img/chernobog.png,195,"['-', '-', '- / 無(防魔)', '-', '-', '弱', '無']",,,"['毒追撃', '魔封追撃', '毒床渡り', '五月雨斬り', '破魔耐性']",死神
ペルセポネー,72,★★★★,img/persephone.png,196,"['-', '-', '無', '弱', '-', '-', '無 / 吸(防魔)']",,,"['ブフダイン', '溶解ブレス', '二分の活泉', '雄叫び', '電撃耐性']",死神
オルクス,80,★★★★★,img/orcusreaper.png,199,"['耐 / 無(防魔)', '弱', '耐', '弱', '耐', '-', '無']",,,"['雄叫び', 'タルンダオート', '緊縛無効', 'ヘルズアイ', '三段の恵体']",死神
ネルガル,82,★★★★★,img/nergal.png,197,"['-', '耐', '弱', '-', '-', '耐 / 無(防魔)', '反']",,,"['怪力乱神', 'ミナゴロシの愉悦', 'スクカオート', '三段の剛力', '氷結耐性']",死神
イシュタム,84,★★★★★,img/ixtab.png,200,"['-', '-', '-', '-', '-', '弱 / 無(防魔)', '反']",,,"['マハムドオン', '暗殺者', '狂い咲き', 'ラクンダオート', 'マハブフダイン']",死神
モト,91,★★★★★,img/mot.png,198,"['耐 / 無(防魔)', '耐', '-', '弱', '反', '-', '反']",,,"['メギドラオン', '三段の賢魔', 'ラクカオート', '不屈の闘志', '電撃耐性']",死神
ボディコニアン,40,★★★,img/bodyconian.png,202,"['-', '弱', '-', '-', '-', '弱 / 無(防魔)', '耐']",,,"['乱れ狂い', '百発百中', 'リディア', '野生の勘', '自然治癒']",屍鬼
マンイーター,60,★★★★,img/maneater.png,203,"['-', '-', '-', '耐 / 反(防魔)', '-', '弱', '反']",,,"['セクシーダンス', '狂戦士', '緊縛追撃', '猛反撃', '破魔耐性']",屍鬼
アリス ,89,★★★★★,img/alice02.png,261,"['-', '-', '-', '-', '-', '弱 / 反(防魔)', '反']",,,"['狂い咲き', '準呪殺貫通', '不動の権化', '超自然治癒', '三分の活泉']",屍鬼
マサカド,98,★★★★★,img/masakado.png,204,"['無 / 吸(防魔)', '-', '-', '-', '-', '耐', '吸']",,,"['空間殺法', 'ラクンダオート', 'スクンダオート', 'タルカオート', 'ラクカオート']",猛将
アラミタマ,21,★★,img/aramitama.png,205,"['-', '耐 / 無(防魔)', '-', '-', '-', '耐', '耐']",,,"['初段の猛速', '未設定', '未設定', '未設定', '未設定']",御魂
ニギミタマ,26,★★,img/nigimitama.png,206,"['-', '-', '耐 / 無(防魔)', '-', '-', '耐', '耐']",,,"['初段の強運', '未設定', '未設定', '未設定', '未設定']",御魂
クシミタマ,31,★★,img/kusimitama.png,207,"['-', '-', '-', '-', '耐 / 無(防魔)', '耐', '耐']",,,"['初段の恵体', '未設定', '未設定', '未設定', '未設定']",御魂
サキミタマ,36,★★,img/sakimitama.png,208,"['-', '-', '-', '耐 / 無(防魔)', '-', '耐', '耐']",,,"['初段の強運', '未設定', '未設定', '未設定', '未設定']",御魂
ジャンヌ,65,★★★★,img/jeanne.png,2001,"['-', '-', '-', '-', '-', '耐 / 無(防魔)', '耐']",,,"['冥界破', '二段の賢魔', '緊縛追撃', '猛反撃', 'スピードスター']",魔女
ベヨネッタ,65,★★★★,img/bayonetta.png,2002,"['-', '-', '-', '-', '-', '耐', '耐 / 無(防魔)']",,,"['モータルジハード', '二段の剛力', '魅了追撃', '物理ブースタ', 'スピードスター']",魔女
シールケ,80,★★★★★,img/schierke.png,3002,"['-', '耐', '耐', '耐', '耐', '- / 無(防魔)', '-']",,,"['勝利のチャクラ', 'マハジオダイン', '大虐殺者', '静寂の祈り', '氷結無効']",魔女
ジャンヌ☆,85,★★★★★,img/jeanne.png,2003,"['-', '-', '-', '-', '-', '耐 / 無(防魔)', '耐']",,,"['冥界破', '三段の賢魔', '緊縛追撃', '虐殺者', 'メギドラ']",魔女
ベヨネッタ☆,85,★★★★★,img/bayonetta.png,2004,"['-', '-', '-', '-', '-', '耐', '耐 / 無(防魔)']",,,"['モータルジハード', '三段の剛力', '魅了追撃', '物理ブースタ', 'ティタノマキア']",魔女
ビラブド,70,★★★★,img/beloved.png,2005,"['耐', '-', '-', '-', '-', '耐', '弱 / 無(防魔)']",,,"['コロシの愉悦', '百発百中', '物理ブースタ', '野生の勘', '地獄のマスク']",能天使
Ｖ,70,★★★★,img/vdmc.png,2010,"['-', '-', '-', '-', '-', '耐', '耐']",,,"['不屈の闘志', '二段の賢魔', '二段の強運', 'ハマダイン', '衝撃耐性']",？？
Ｖ☆,90,★★★★★,img/vdmc.png,2011,"['-', '-', '-', '-', '-', '耐', '耐']",,,"['不屈の闘志', '大虐殺者', '野獣の勘', 'メギドラオン', '破魔無効']",？？
アグニ,70,★★★★,img/agni.png,227,"['-', '吸', '弱', '-', '-', '無 / 吸(防魔)', '-']",,,"['火炎ブースタ', '虐殺者', 'マハラギダイン', '狂戦士', '氷結耐性']",天魔
アスラ,80,★★★★★,img/asura.png,225,"['耐 / 反(防魔)', '反', '弱', '-', '-', '無', '無']",,,"['勝利のチャクラ', '破壊の権化', 'タルカオート', '物理ハイブースタ', '野獣の勘']",天魔
ヤマ,84,★★★★★,img/yama.png,226,"['-', '無 / 吸(防魔)', '-', '-', '-', '-', '無']",,,"['ムドダイン', '呪殺ハイブースタ', '呪殺エンハンス', '奈落のマスク', 'テトラカシフト']",天魔
インドラジット,88,★★★★★,img/indrajit.png,223,"['耐', '-', '弱 / 吸(防魔)', '吸', '-', '耐', '耐']",,,"['無慈悲な一撃', '電撃ハイブースタ', '電撃エンハンス', '裁きの雷火', '緊縛無効']",天魔
マハカーラ,92,★★★★★,img/mahakala.png,228,"['-', '吸', '-', '耐', '-', '-', '無 / 吸(防魔)']",,,"['火炎ハイブースタ', '大虐殺者', '火炎エンハンス', '魅了無効', '大暗殺者']",天魔
アスラおう,95,★★★★★,img/asuraoh.png,999,"['無 / 吸(防魔)', '反', '-', '-', '-', '反', '無']",,,"['千発千中', '破壊の権化', 'タルカオート', 'スクカオート', '魅了無効']",天魔
